{"validation_loss": [0.11163608490810459, 0.06208848159874666, 0.03884471256171477, 0.02863750375374999, 0.024040785970948254, 0.01984796284001842, 0.018936191682319185, 0.017144224113775194, 0.013501618699561613, 0.01380831209160769], "validation_accuracy": [76.45051194539249, 85.66552901023891, 90.44368600682594, 94.19795221843003, 95.56313993174061, 94.88054607508532, 95.56313993174061, 95.56313993174061, 95.90443686006826, 96.24573378839591], "training_loss": [0.18114647567272185, 0.11127750595084956, 0.0760411275336977, 0.060749768868821566, 0.05019336875344886, 0.04410397683987852, 0.03806186544357753, 0.037493547458262715, 0.03353345544978244, 0.03062895235040637], "training_accuracy": [19.30327868852459, 51.14754098360656, 66.72131147540983, 71.76229508196721, 76.9672131147541, 79.50819672131148, 82.45901639344262, 82.21311475409836, 83.56557377049181, 85.61475409836065]}