{"validation_loss": [0.14416691548995192, 0.10248347720188493, 0.07642798700430288, 0.062366028389426224, 0.051111496094957555, 0.04679043474050919, 0.041217195601186654, 0.03905605908750267, 0.03917951490285047, 0.035320570800491564], "validation_accuracy": [52.901023890784984, 69.28327645051195, 74.40273037542661, 78.15699658703072, 80.54607508532423, 80.54607508532423, 85.32423208191126, 82.93515358361775, 85.66552901023891, 85.66552901023891], "training_loss": [0.18699951123018735, 0.14549261204531935, 0.11685441976687948, 0.09933740731145514, 0.08885717572735959, 0.08008406494484573, 0.07419966600957464, 0.06932731169413348, 0.066046327572377, 0.06277318121712716], "training_accuracy": [17.049180327868854, 37.17213114754098, 48.5655737704918, 55.69672131147541, 59.01639344262295, 64.4672131147541, 64.13934426229508, 67.17213114754098, 68.97540983606558, 70.49180327868852]}